{"HSIC": 0.020249465480446815, "_timestamp": 1650444468, "_runtime": 329, "_step": 13, "Training loss": 26.754871368408203, "Validation loss": 22.440637588500977, "Acc": 17}