{"HSIC": NaN, "_timestamp": 1650375137, "_runtime": 226, "_step": 13, "Training loss": 33.5181770324707, "Validation loss": 467.7899475097656, "Acc": 13}