{"HSIC": NaN, "_timestamp": 1650375004, "_runtime": 93, "_step": 5, "Training loss": 3.4495294094085693, "Validation loss": 141.17555236816406, "Acc": 7}