{"HSIC": NaN, "_timestamp": 1650375397, "_runtime": 94, "_step": 5, "Training loss": 3.5178279876708984, "Validation loss": 141.3382568359375, "Acc": 3}