{"HSIC": 0.34487804770469666, "_timestamp": 1650375954, "_runtime": 101, "_step": 3, "Training loss": 23.417282104492188, "Validation loss": 18.77834701538086, "Acc": 3, "_wandb": {"runtime": 105}}